Road,FirstLetter,Walk,Zone,Notes
ALL SAINTS ROAD,A,1,1,
ABELYN AVENUE,A,59,59,
ACACIA TERRACE,A,21,21,
ADDINGTON ROAD,A,16,16,
ADELAIDE DRIVE,A,18,18,
ADISHAM GREEN,A,29,29,
AGATE COURT,A,32,32,
ALBANY COURT,A,16,16,
ALBANY ROAD,A,16,16,
ALBION TERRACE,A,70,70,
ALEXANDER COURT,A,23,23,
ALEXANDRA CLOSE,A,26,26,
ALLENBY WALK,A,21,21,
AMBER RISE,A,34,34,
AMBLESIDE,A,4,4,
AMETHYST DRIVE,A,32,32,
AMETHYST HOUSE,A,32,32,
ANATASE CLOSE,A,34,34,
ANCHOR BUSINESS PARK,A,69,69,
ANDREWS WALK,A,21,21,
ANSELM CLOSE,A,16,16,
APOLLO CLOSE,A,70,70,
APPLE LODGE,A,40,40,
APPLEGARTH ROAD,A,25,25,
ARCHER COURT,A,31,31,
ARCHER HOUSE,A,59,59,
ARGENT WAY,A,34,34,
ARTHUR STREET,A,9,9,
ARUNDEL AVENUE,A,8,8,
ASHINGTON CLOSE,A,21,21,
ASHMEADS RISE,A,17,17,
ASHTEAD DRIVE,A,40,40,
ASHTREE HOUSE,A,4,4,
ATTLEE WAY,A,27,27,
AUBRETIA WALK,A,9,9,
AUCKLAND DRIVE,A,19,19,
AUSTIN CLOSE,A,28,28,
AVENUE OF REMEMBRANCE,A,68,68,
AVENUE OF REMEMBRANCE-NAMED HOUSES,A,9,9,
AYLEWYN GREEN,A,29,29,
BADGER EDGE,B,40,40,
BALAS DRIVE,B,32,32,
BALE GROVE,B,31,31,
BALLARD COURT,B,70,70,
BALMORAL TERRACE,B,18,18,
BANK HOUSE,B,2,2,
BANNISTER HILL,B,19,19,
BAPCHILD AVENUE,B,40,40,
BARGE WAY,B,70,70,
BARKERS COURT,B,18,18,
BARKERS END,B,61,61,
BARLEY HOUSE,B,59,59,
BARLEY WAY,B,25,25,
BARN CLOSE,B,19,19,
BARNFIELDS COURT,B,59,59,
BARROW GROVE,B,18,18,
BASSETT RD,B,18,18,
BAXTER COURT,B,40,40,
BAYFORD COURT,B,69,69,
BAYFORD ROAD,B,33,33,
BEACONSFIELD ROAD,B,4,4,
BEAN COURT,B,9,9,
BEATRICE LODGE,B,68,68,
BEAUVOIR DRIVE,B,28,28,
BECKER WAY,B,25,25,
BECKETT COURT,B,70,70,
BEECHWOOD AVENUE,B,25,25,
BELL ROAD - BELL HOUSE,B,68,68,
BELL ROAD 21-79,B,10,10,
BELL ROAD 2-4 & PANO COURT,B,9,9,
"BELL ROAD 60-102, 85-155",B,12,12,
BELMONT ROAD,B,12,12,
BELVOIR HOUSE,B,2,2,
BERGAMOT CLOSE,B,36,36,
BERKELEY COURT,B,16,16,
BINGHAM ROAD,B,69,69,
BIRCH HOUSE,B,4,4,
BISHOP COURT,B,23,23,
BISMUTH DRIVE,B,32,32,
BISMUTH HOUSE,B,32,32,
BLACKBIRD MEWS,B,40,40,
BLANDFORD GARDENS,B,12,12,
BLENHEIM ROAD,B,3,3,
BLOSSOM STREET,B,40,40,
BLUEBELL DRIVE,B,36,36,
BLYTHE CLOSE,B,2,2,
BON ACCORD HOUSE,B,69,69,
BOND ROAD,B,32,32,
BONHAM DRIVE,B,69,69,
"BORDEN LANE 1-157A, 96 - 2",B,18,18,
"BORDEN LANE 157-247, 98-160",B,19,19,
BOURNE GROVE,B,21,21,
BOURNE PLACE,B,9,9,
BOWATER CLOSE,B,68,68,
BRACKEN COURT,B,1,1,
BRADLEY DRIVE,B,12,12,
BRAEBURN LANE,B,17,17,
BRAMBLE DOWN PLACE,B,11,11,
BRAMBLEFIELD LANE,B,31,31,
BRAMBLING RISE,B,25,25,
BRENCHLEY ROAD,B,36,36,
BREWERY ROAD,B,70,70,
BRICKFIELD GARDENS,B,40,40,
BRICKMAKERS INDUSTRIAL ESTATE,B,69,69,
BRIER ROAD,B,17,17,
BRISBANE AVENUE,B,18,18,
BRISTOL CLOSE,B,32,32,
BRITANNIA CLOSE,B,26,26,
"BROOM ROAD 1-3, 2-18",B,2,2,
"BROOM ROAD 13-29, 20-82",B,1,1,
BRUGES COURT,B,30,30,
BURKESTON CLOSE,B,28,28,
BURLEY ROAD,B,16,16,
BURNHAM CLOSE,B,26,26,
BURNUP BANK,B,2,2,
"BURRS, THE",B,33,33,
CAITHORPE CLOSE,C,61,61,
CALDEW GROVE,C,33,33,
CALLIPER HOUSE,C,32,32,
CAMBRIA CRESCENT,C,61,61,
CAMBRIA WALK,C,68,68,
CAMBRIDGE ROAD,C,6,6,
CANBERRA GARDENS,C,18,18,
CANTERBURY ROAD - CANTERBURY COURT,C,9,9,
CANTERBURY ROAD - SWANSTREE LODGE,C,6,6,
"CANTERBURY ROAD 1-29, 4, 26-32",C,68,68,
"CANTERBURY ROAD 193-219, 190-218",C,3,3,
"CANTERBURY ROAD 31-165, 60-134",C,4,4,
CAPEL ROAD,C,10,10,
CARDINE CLOSE,C,26,26,
CARNATION CRESCENT,C,36,36,
CARNELIAN HOUSE,C,32,32,
CARR COURT,C,12,12,
"CASTLE COURT, WATLING SQUARE",C,40,40,
CASTLE ROAD,C,69,69,
CASTLEROUGH LANE,C,30,30,
CAVELL WAY,C,20,20,
CEDAR CLOSE,C,6,6,
"CEDARS, THE",C,1,1,
CELT CLOSE,C,30,30,
CENTRAL AVENUE - CENTRAL HOUSE,C,68,68,
CENTRAL AVENUE - REMAINDER,C,9,9,
CENTRE 2000,C,68,68,
"CHALKWELL ROAD 128-144, 133-195",C,18,18,
"CHALKWELL ROAD 31-119, 14-124",C,23,23,
CHALLENGER CLOSE,C,26,26,
CHAPEL PARK,C,69,69,
CHAPPELL WAY,C,25,25,
CHARLOTTE STREET,C,23,23,
CHARTER COURT,C,32,32,
CHARTWELL GROVE,C,16,16,
CHATSWORTH DRIVE,C,20,20,
CHAUCER ROAD,C,13,13,
CHEGWORTH GARDENS,C,11,11,
CHERRY CLOSE,C,25,25,
CHERRY MEWS,C,25,25,
CHERRYFIELDS,C,17,17,
CHESTNUT LANE,C,25,25,
CHEYNE CLOSE,C,29,29,
CHILMAN HOUSE,C,2,2,
CHILTON AVENUE,C,33,33,
CHURCH MARSHES,C,68,68,
CHURCH ROAD,C,1,1,
CHURCH ROAD - FIRMS,C,69,69,
CHURCH STREET 11-51,C,23,23,
CHURCHILL HOUSE,C,1,1,
CINNABAR DRIVE,C,32,32,
CLARENDON CLOSE,C,8,8,
CLARITY MEWS,C,21,21,
CLEMENT CLOSE,C,29,29,
CLERKE DRIVE,C,28,28,
CLIFFORD CRESCENT,C,61,61,
CLIVE ROAD,C,21,21,
CLOISTERS,C,9,9,
CLOVER COURT,C,1,1,
COBHAM AVENUE,C,8,8,
COLDHARBOUR LANE,C,30,30,
COLE CLOSE,C,59,59,
COLEMAN DRIVE,C,30,30,
COLFE WAY,C,29,29,
COLLEGE ROAD - REMAINDER,C,16,16,
COLLEGE ROAD 60,C,18,18,
COLLINGWOOD WALK,C,21,21,
COMMONWEALTH CLOSE,C,6,6,
CONNAUGHT ROAD,C,12,12,
CONQUEROR COURT,C,32,32,
COOKS LANE,C,70,70,
COOMBE DRIVE,C,4,4,
COPPER BEECH CLOSE,C,18,18,
COPPINS LANE,C,19,19,
CORNFIELD CLOSE,C,25,25,
CORTLAND CLOSE,C,23,23,
CORTLANDS MEWS,C,23,23,
COTTON ROAD,C,32,32,
COURT ROAD,C,27,27,
COWPER ROAD,C,2,2,
CRANBROOK DRIVE,C,11,11,
"CRESCENT, THE",C,30,30,
CRICKETERS CLOSE,C,30,30,
CROCUS DRIVE,C,36,36,
CROFT AVENUE,C,59,59,
CROMERS ROAD,C,12,12,
CROSS LANE,C,70,70,
CROSSWAYS,C,36,36,
"CROWN QUAY LANE 3HX, 3ST, 3JN, 3JB, THE QUAYS",C,69,69,
"CROWN QUAY LANE 3HY, 3HU",C,68,68,
CROWN QUAY TRADE CENTRE,C,69,69,
CROWN ROAD,C,23,23,
CRYALLS LANE - REMAINDER,C,17,17,
CRYALLS LANE 21-25,C,21,21,
D2 TRADING ESTATE,D,69,69,
DAISY WALK,D,36,36,
DALEWOOD,D,59,59,
DANES MEAD,D,31,31,
DEAN ROAD,D,25,25,
DEANE CLOSE,D,61,61,
DEBHAM GROVE,D,61,61,
DEHAM HOUSE,D,20,20,
DENBIGH CLOSE,D,27,27,
DENE COURT,D,13,13,
DENTAL CLOSE,D,17,17,
DERBY CLOSE,D,25,25,
DIAMOND CLOSE,D,32,32,
DIANA CLOSE,D,70,70,
DICKSON COURT,D,2,2,
DILIGENT DRIVE,D,26,26,
DOBBIE CLOSE,D,27,27,
DOLPHIN PARK - CREMERS ROAD,D,69,69,
DOLPHIN ROAD,D,1,1,
DONEMOWE DRIVE,D,29,29,
DOVER STREET,D,68,68,
DOWNS CLOSE,D,13,13,
DRYWALL INDUSTRIAL ESTATE,D,69,69,
DUNEDIN CLOSE,D,19,19,
DYNGLEY CLOSE,D,27,27,
EADRED WAY,E,28,28,
EAGLES CLOSE,E,1,1,
EAST GREEN,E,30,30,
EAST HALL CLOSE,E,2,2,
EAST HALL LANE,E,2,2,
EAST HALL WALK,E,59,59,
EAST STREET - REMAINDER,E,9,9,
EAST STREET - SBC,E,68,68,
"EAST STREET 100A, 102A",E,33,33,
EASTON DRIVE,E,59,59,
EASTWOOD ROAD,E,20,20,
EAVES COURT,E,69,69,
ECHO HOUSE,E,68,68,
ECLIPSE DRIVE,E,26,26,
EDWARD DRIVE,E,31,31,
EDYNGHAM CLOSE,E,29,29,
ELEANOR DRIVE,E,29,29,
ELM GROVE,E,4,4,
EMERALD CRESCENT,E,32,32,
EMPIRE COURT,E,9,9,
EPPS ROAD,E,13,13,
ESTHER COURT,E,26,26,
EUROLINK INDUSTRIAL ESTATE,E,69,69,
EUROLINK V INDUSTRAIL ESTATE,E,61,61,
EUROLINK WAY - REMAINDER,E,69,69,
EUROLINK WAY 3HH,E,68,68,
EVEAS DRIVE,E,59,59,
"EVEAS DRIVE 43-87, 98-32",E,61,61,
EXCELSIOR HOUSE,E,13,13,
EXCHANGE COURT,E,33,33,
FAIRLAKE VIEW,F,61,61,
FAIRLEAS,F,3,3,
FAIRSERVICE CLOSE,F,2,2,
FAIRVIEW ROAD,F,9,9,
FAIRWAY BUSINESS PARK,F,69,69,
"FAIRWAY, THE",F,8,8,
FALCON COURT,F,59,59,
FALCON HOUSE,F,69,69,
FALLOWFIELD,F,59,59,
FARM CRESCENT,F,3,3,
FARMHOUSE DRIVE,F,25,25,
FELDSPAR CLOSE,F,34,34,
"FERN WALK 1-19, 2-32",F,1,1,
"FERN WALK 21-31, 34-40",F,2,2,
FERNIER HOUSE,F,17,17,
FERNLEIGH TERRACE,F,11,11,
FIELDER CLOSE,F,2,2,
"FIELDINGS, THE - 8",F,12,12,
"FIELDINGS, THE",F,10,10,
"FINCHES, THE",F,3,3,
FIRE OPAL WAY,F,32,32,
FISHENDEN COURT,F,40,40,
FLANDERS,F,30,30,
FLEET END,F,70,70,
FLINT CLOSE,F,30,30,
FLORENCE MEWS,F,18,18,
FORGE ROAD,F,27,27,
"FORUM, THE",F,9,9,
FOX HILL,F,3,3,
FOXGROVE,F,26,26,
FREDERICK STREET,F,9,9,
FREEMAN COURT,F,9,9,
FREEMAN DRIVE,F,59,59,
FRIARS WALK,F,16,16,
FROBISHER CLOSE,F,27,27,
FULSTON PLACE,F,33,33,
GADBY ROAD - REMAINDER,G,21,21,
"GADBY ROAD 1-57, 2-78",G,20,20,
GAINSBOROUGH CLOSE,G,20,20,
GALENA CLOSE,G,32,32,
GARNET HOUSE,G,32,32,
GAS ROAD ME10 2__,G,68,68,
GAS ROAD ME10 3__,G,69,69,
GASCOYNE COURT,G,40,40,
GAYHURST DRIVE,G,21,21,
GAZE HILL AVENUE,G,33,33,
GEMSTONE COURT,G,32,32,
GENESTA CLOSE,G,26,26,
GEORGE WALK,G,31,31,
GERRARDS DRIVE,G,8,8,
GIBBONS ROAD,G,21,21,
GIBSON STREET,G,9,9,
GILBERT COURT,G,9,9,
GILES YOUNG COURT,G,23,23,
GLADSTONE DRIVE,G,4,4,
GLEBE LANE,G,6,6,
GLENBROOK GROVE,G,27,27,
GLOVER CLOSE,G,30,30,
GLOVERS CRESCENT,G,10,10,
GODWIN CLOSE,G,31,31,
GOODNESTONE ROAD,G,6,6,
GORDON CLOSE,G,4,4,
GORE COURT ROAD,G,12,12,
GRAYLING COURT,G,16,16,
GRAYSHOTT CLOSE,G,3,3,
GREAT EASTHALL WAY,G,59,59,
"GREAT EASTHALL WAY 8-12, 1-9",G,61,61,
GREEN PORCH CLOSE,G,70,70,
GREENLEES CLOSE,G,17,17,
GREENWAYS,G,6,6,
GREGORY CLOSE,G,29,29,
GROVE PARK AVENUE,G,17,17,
GROVE PARK SHOPPING CENTRE,G,21,21,
GROVEHURST AVENUE,G,30,30,
GROVEHURST ROAD,G,70,70,
"GROVEHURST ROAD - 1-31, 2-28",G,29,29,
GROVEHURST ROAD - BLUE,G,30,30,
"GROVEHURST ROAD 96-152, 97-145",G,31,31,
GUNN COURT,G,40,40,
HADDON CLOSE,H,68,68,
HAFFENDEN AVENUE,H,61,61,
HALES ROAD,H,11,11,
HALL CLOSE,H,70,70,
HAMBROOK WALK,H,29,29,
HAMILTON CRESCENT,H,19,19,
HANOVER CLOSE,H,10,10,
HARGRAVES ROAD,H,59,59,
HARKNESS COURT,H,2,2,
HARMONY CLOSE,H,13,13,
HAROLD ROAD,H,6,6,
HARPER WAY,H,61,61,
HARRIER DRIVE,H,59,59,
HARRIS GARDENS,H,2,2,
HARVEY DRIVE,H,59,59,
HAWKINS CLOSE,H,27,27,
HAWTHORN HOUSE,H,9,9,
HAWTHORN ROAD,H,9,9,
HAYSEL,H,3,3,
HEARNE CLOSE,H,2,2,
HEARTS DELIGHT,H,19,19,
HEARTS DELIGHT ROAD,H,19,19,
HEATHER CLOSE,H,9,9,
HEDLEY COURT,H,9,9,
HEDLEY HOUSE,H,61,61,
HEDLEY WALK,H,68,68,
HELIDOR WALK,H,32,32,
HENSHAW VALE,H,59,59,
HEVER PLACE,H,16,16,
HIGH STREET,H,9,9,
HIGH STREET MILTON - REMAINDER,H,23,23,
"HIGH STREET MILTON 135-193, 122-164",H,27,27,
HIGHSTED ROAD,H,3,3,
HILDESLEY CLOSE,H,59,59,
HILL BROW,H,13,13,
HILTON DRIVE,H,21,21,
HINDE CLOSE,H,27,27,
HOBART GARDENS,H,18,18,
HODSOLE HOUSE,H,68,68,
HOLLYBANK HILL,H,18,18,
HOME VIEW,H,1,1,
HOME VIEW TERRACE,H,1,1,
HOMESTEAD VIEW,H,19,19,
HOMEWOOD AVENUE,H,16,16,
HONESTY CLOSE,H,36,36,
HONEYSUCKLE,H,1,1,
HOUSSON AVENUE,H,61,61,
HOWARD AVENUE,H,25,25,
HUGH PRICE CLOSE,H,1,1,
HURST LANE,H,31,31,
HUTCHINGS CLOSE,H,2,2,
HYTHE ROAD,H,20,20,
INGLEDEN CLOSE,I,29,29,
INVICTA COURT,I,26,26,
IRIS DRIVE,I,36,36,
JACINTH DRIVE - 2,J,34,34,
JACINTH DRIVE - REMAINDER,J,32,32,
JADE CLOSE,J,25,25,
JARRETTS COURT,J,1,1,
JESSICA MEWS,J,26,26,
JOHNSON ROAD,J,18,18,
JUBILEE STREET,J,68,68,
JUNO ROAD,J,70,70,
JUPITER ROAD,J,70,70,
KEMSLEY MILL,K,70,70,
KENILWORTH COURT,K,20,20,
KENT AVENUE,K,13,13,
KESTREL CLOSE,K,3,3,
KESTREL COURT,K,69,69,
KESWICK AVENUE,K,4,4,
KEY STREET,K,17,17,
KILN CLOSE,K,33,33,
KING ARTHUR COURT,K,13,13,
KINGSMILL CLOSE,K,23,23,
KNIGHTS COURT,K,13,13,
KNIGHTSFIELD ROAD,K,25,25,
LABURNUM PLACE,L,9,9,
LAMMAS DRIVE,L,23,23,
LANCE CLOSE,L,30,30,
LANGLEY ROAD,L,70,70,
LANSDOWN ROAD,L,4,4,
LARKFIELD AVENUE,L,25,25,
LAVENDER COURT,L,9,9,
LAXTON WAY,L,25,25,
LAXTONS CRESCENT,L,17,17,
LEDGER CLOSE,L,32,32,
LEIGH ROAD,L,59,59,
LIEGE CLOSE,L,30,30,
LILY WALK,L,36,36,
LIME GROVE,L,68,68,
LIMEHOUSE COURT,L,59,59,
LIMELIGHT LANE,L,17,17,
LINDEN CLOSE,L,16,16,
LITMUS HOUSE,L,32,32,
LITTLE GLOVERS,L,10,10,
LLOYD DRIVE,L,31,31,
LONDON ROAD - REMAINDER,L,21,21,
LONDON ROAD - RHODE HOUSE,L,20,20,
"LONDON ROAD 1-89, 76-2",L,18,18,
LONDON ROAD TRADING ESTATE,L,68,68,
LONGRIDGE,L,3,3,
LONSDALE DRIVE,L,20,20,
LORD NELSON ROAD,L,70,70,
LORDS CLOSE,L,40,40,
LORIMAR COURT,L,34,34,
LUCAS HOUSE,L,40,40,
LUCKHURST CLOSE,L,21,21,
LUSHINGTON MEWS,L,59,59,
LYDBROOK CLOSE,L,21,21,
LYNDHURST GROVE,L,13,13,
LYWOOD DRIVE,L,68,68,
LYWOOD HOUSE,L,61,61,
MAKIN DRIVE,M,61,61,
MALLARD GREEN,M,40,40,
MANILA AVENUE,M,32,32,
MANISTY COURT,M,31,31,
MANOR GROVE,M,16,16,
MANTLE CLOSE,M,69,69,
MANWOOD CLOSE,M,8,8,
MARIGOLD DRIVE,M,36,36,
MARIUS CLOSE,M,59,59,
MARJORAM DRIVE,M,36,36,
MARS CLOSE,M,70,70,
MARSH RISE,M,28,28,
MARTIN COURT,M,31,31,
MAYLAM GARDENS,M,17,17,
MCCUDDEN MEWS,M,29,29,
"MEADOWS, THE",M,8,8,
MEADOWSWEET WALK,M,36,36,
MEADS AVE,M,25,25,
MEDWAY CLOSE,M,16,16,
MEERES COURT LANE,M,2,2,
MELLOR ROW,M,30,30,
MENIN ROAD,M,30,30,
MERCURY CLOSE,M,70,70,
MERIDIAN PLACE,M,17,17,
MERLEBURGH DRIVE,M,29,29,
MERLIN CLOSE,M,33,33,
MERLIN HOUSE,M,69,69,
METEOR CLOSE,M,29,29,
MICKETTS GARDENS,M,17,17,
MIDDLETON COURT,M,16,16,
MIDDLETON MEWS,M,27,27,
MIDDLETUNE AVENUE,M,27,27,
MIDDLETUNE MEWS,M,27,27,
MIDDLEWAY,M,6,6,
MILBOURNE GROVE,M,27,27,
MILL COURT - PEREGRINE DRIVE,M,33,33,
MILL COURT ME10 5__,M,32,32,
MILL LODGE,M,40,40,
MILL WAY,M,68,68,
MILLEN BUSINESS PARK,M,68,68,
MILLEN ROAD,M,68,68,
MILLER CLOSE,M,28,28,
MILLFIELD,M,33,33,
MILTON ROAD,M,68,68,
MINERVA CLOSE,M,70,70,
MINTERNE AVENUE,M,13,13,
MOCKETT COURT,M,9,9,
MONARCH DRIVE,M,31,31,
MONS COURT,M,30,30,
MOONFLEET CLOSE,M,30,30,
MOONSTONE SQUARE,M,32,32,
MORRIS COURT CLOSE,M,40,40,
MOUNTVIEW,M,19,19,
MUDDY LANE,M,3,3,
MULBERRY WAY,M,59,59,
MURSTON CARAVAN PARK,M,61,61,
MURSTON ROAD,M,2,2,
MUSGRAVE ROAD,M,70,70,
NAPIER CLOSE,N,19,19,
NATIVITY CLOSE,N,16,16,
NELSON WALK,N,21,21,
NEPTUNE CLOSE,N,70,70,
NEWBRIDGE AVENUE,N,27,27,
NEWLANDS AVENUE,N,21,21,
NEWMAN DRIVE,N,29,29,
NORTH STREET,N,27,27,
NORTHWOOD DRIVE,N,8,8,
NORWOOD WALK,N,21,21,
NUTFIELDS,N,6,6,
OAK COURT,O,9,9,
OAK ROAD,O,2,2,
OAKTREE HOUSE,O,4,4,
OAKWOOD TERRACE,O,4,4,
OAST COURT,O,10,10,
OLIVINE CLOSE,O,25,25,
ONYX DRIVE,O,32,32,
OPAL HOUSE,O,32,32,
ORCHARD PLACE,O,33,33,
OSPREY COURT,O,33,33,
OSTEND COURT,O,30,30,
OYO BUSINESS UNITS,O,70,70,
OYSTER CLOSE,O,70,70,
"PADDOCK, THE",P,13,13,
PALM HOUSE,P,32,32,
PALMERSTON WALK,P,4,4,
PAPYRUS DRIVE,P,32,32,
"PARADE, THE",P,8,8,
PARAGON COURT,P,20,20,
PARCHMENT DRIVE,P,32,32,
PARK AVENUE,P,12,12,
PARK DRIVE,P,11,11,
PARK ROAD - REMAINDER,P,13,13,
"PARK ROAD 2-170, 163-1",P,12,12,
PARRETT AVENUE,P,61,61,
PASTIME CLOSE,P,26,26,
PAVILION DRIVE,P,30,30,
PAYNES HOUSE,P,59,59,
PEAR TREE ALLEY,P,23,23,
PEAR TREE COURT,P,12,12,
PEAR TREE ORCHARD,P,40,40,
PEARL WALK,P,32,32,
PEEL DRIVE,P,4,4,
PEMBURY COURT,P,9,9,
PEMBURY STREET,P,68,68,
PENN CLOSE,P,3,3,
PEONY CRESCENT,P,36,36,
PEREGRINE DRIVE,P,59,59,
PEREGRINE DRIVE - MILL COURT,P,33,33,
PERIDOT WALK,P,32,32,
PERIWINKLE CLOSE,P,23,23,
PERIWINKLE COURT,P,70,70,
PERTH GARDENS,P,18,18,
PHILLIPPA COURT,P,26,26,
PINCUS HOUSE,P,20,20,
PIPPIN CLOSE,P,25,25,
PIPPIN END,P,40,40,
PLATINUM WAY,P,17,17,
PLAZA COURT,P,9,9,
PLOUGH COURT,P,9,9,
PLUMMER CRESCENT,P,59,59,
PLUTO CLOSE,P,70,70,
PODMORE HOUSE,P,61,61,
POND DRIVE,P,3,3,
PORCELAIN CLOSE,P,32,32,
PORTLAND AVENUE,P,1,1,
POULSEN COURT,P,2,2,
PRECISION 2 INDUSTRIAL ESTATE,P,69,69,
PRECISION 4 BUSINESS PARK,P,69,69,
PREMIER WAY,P,31,31,
PRENTIS CLOSE,P,20,20,
PRIMROSE AVENUE,P,36,36,
PRINCE CHARLES AVENUE,P,6,6,
PRINCES COURT,P,2,2,
PRINCES STREET RETAIL PARK,P,68,68,
PROSPECT COURT,P,69,69,
PUTTNEY DRIVE,P,29,29,
QUADRILLE AVENUE,Q,32,32,
QUARTZ WAY,Q,32,32,
QUICKSTEP CLOSE,Q,29,29,
QUINTON ROAD,Q,25,25,
RAITE GREEN,R,32,32,
RANDLE WAY,R,40,40,
RAPSON END,R,61,61,
REALGAR COURT,R,32,32,
REAMS WAY - REMAINDER,R,31,31,
REAMS WAY 72-82,R,30,30,
RECREATION WAY - REMAINDER,R,28,28,
"RECREATION WAY 2-62, 1-69",R,30,30,
RECTORY ROAD,R,6,6,
REDGROVE AVENUE,R,68,68,
REDGROVE HOUSE,R,61,61,
REGENCY COURT,R,18,18,
REGIS CRESCENT,R,27,27,
REGIS GATE,R,27,27,
REGIS PLACE,R,27,27,
RETTENDON DRIVE,R,29,29,
RICHMOND DRIVE,R,26,26,
RIDHAM AVENUE,R,30,30,
RIDHAM DOCK,R,70,70,
RIGDENS COURT,R,23,23,
"RISE, THE",R,19,19,
RIVERBOURNE COURT,R,33,33,
RIVERHEAD CLOSE,R,16,16,
ROBERTS CLOSE,R,27,27,
ROBERTSON DRIVE,R,61,61,
ROBIN CLOSE,R,27,27,
ROBIN COURT,R,40,40,
ROCK ROAD,R,13,13,
ROENTGEN HOUSE,R,20,20,
ROLVENDEN DRIVE,R,20,20,
ROMAN COURT,R,70,70,
ROMAN GROVE,R,40,40,
ROMAN SQUARE,R,9,9,
ROMAN SQUARE - JOB CENTRE,R,68,68,
ROMNEY COURT,R,23,23,
RONALDS COURT,R,9,9,
ROONAGH COURT,R,13,13,
ROSE WALK,R,36,36,
ROSEBERY CLOSE,R,4,4,
ROSELEIGH ROAD,R,13,13,
ROSEWOOD PLACE,R,6,6,
"ROUNDEL, THE",R,8,8,
RUBY CLOSE,R,32,32,
RUBY COURT,R,23,23,
RUINS BARN ROAD,R,12,12,
RUSSELL CLOSE,R,19,19,
SAFFRON WAY,S,70,70,
SALISBURY CLOSE,S,4,4,
SAMUEL DRIVE,S,31,31,
SANDFORD ROAD,S,21,21,
SANDSTONE DRIVE,S,30,30,
SAPPHIRE CLOSE,S,34,34,
SATIS AVENUE,S,26,26,
SAXON COURT,S,70,70,
SAXON SHORE,S,28,28,
SAXON SHORE BUSINESS PARK,S,69,69,
SCHOOL LANE,S,40,40,
SCHOOL ROAD,S,68,68,
SCOONES CLOSE,S,40,40,
SEDDINGBOURNE WAY,S,61,61,
SHAKESPEARE ROAD,S,33,33,
SHORT RISE,S,61,61,
SHORTLANDS ROAD,S,6,6,
SHURLAND AVENUE,S,8,8,
SILVERDALE GROVE,S,16,16,
SIMPSON ROAD,S,21,21,
SITTINGBOURNE RETAIL PARK,S,68,68,
SMEED CLOSE,S,1,1,
SMEED DEAN CENTRE,S,69,69,
SNOWDROP WALK,S,36,36,
SOMERSET CLOSE,S,17,17,
SONORA WAY - REMAINDER,S,34,34,
SONORA WAY 2-10,S,25,25,
SOUTH AVENUE,S,33,33,
SPARTAN ROAD,S,17,17,
SPICERS HOMES,S,10,10,
SPINEL CLOSE,S,32,32,
SPRING WOOD PARK,S,68,68,
SPRINGFIELD PLACE,S,68,68,
SPRINGFIELD PLACE 25-29 LONDON RD,S,68,68,
SPRINGFIELD ROAD,S,20,20,
SPROTSHILL CLOSE,S,27,27,
"SQUARE, THE",S,30,30,
ST THOMAS ROW,S,27,27,
ST. BARTHOLOMEWS DRIVE,S,27,27,
ST. GEORGES BUSINESS PARK,S,69,69,
ST. JOHNS AVENUE,S,6,6,
ST. MICHAELS CLOSE,S,68,68,
ST. MICHAELS ROAD,S,68,68,
ST. MICHAELS ROAD  -LANGS,S,9,9,
ST. PAULS STREET,S,23,23,
ST.ACRE LN,S,19,19,
STADIUM BUSINESS PARK - CASTLE ROAD,S,69,69,
STADIUM WAY,S,69,69,
STANDEN GROVE,S,59,59,
STANHOPE AVENUE,S,10,10,
STAPLE CLOSE,S,23,23,
STAPLEHURST LODGE INDUSTRIAL ESTATE,S,68,68,
STAPLEHURST ROAD - FIRMS,S,68,68,
STAPLEHURST ROAD - REMAINDER,S,23,23,
"STAPLEHURST ROAD 65-107, 118-98",S,20,20,
STATION STREET,S,68,68,
STATION STREET 1-29,S,9,9,
STATION VIEW COURT,S,9,9,
STEDE AVENUE,S,61,61,
STEP STYLE,S,3,3,
STERLING ROAD,S,11,11,
STONES LODGE,S,40,40,
STYLES CLOSE,S,69,69,
SUNNYBANK,S,1,1,
SUNSET STREET,S,17,17,
SUNSTONE DRIVE,S,34,34,
SWALE WAY,S,70,70,
SWAN CLOSE,S,1,1,
SWANSTREE AVENUE,S,3,3,
SYDNEY AVENUE,S,18,18,
SYMMONDS DRIVE,S,69,69,
SYMONDS DRIVE,S,59,59,
TAILLOUR CLOSE,T,29,29,
TANNERY COURT,T,23,23,
TANNERY HOUSE,T,18,18,
TAVISTOCK CLOSE,T,18,18,
TEMPLE GARDENS,T,6,6,
TERRACE ROAD,T,68,68,
THAMES HOUSE,T,9,9,
THE GLENMORE CENTRE,T,69,69,
THE MEWS,T,10,10,
THISTLE WALK,T,1,1,
THOMAS COURT,T,2,2,
THOMAS ROAD,T,2,2,
THORN WALK,T,2,2,
THORNHILL GARDENS,T,40,40,
TODD CRESCENT,T,28,28,
TONGE ROAD,T,1,1,
TOPAZ DRIVE,T,32,32,
TOURMALINE DRIVE,T,34,34,
TRIBUNE DRIVE,T,70,70,
TRINITY COURT,T,68,68,
TRINITY ROAD,T,27,27,
TRINITY TRADING ESTATE,T,70,70,
TRONA COURT,T,32,32,
TROTTS HALL GARDENS,T,10,10,
TROYA AVENUE,T,32,32,
TULIP WALK,T,36,36,
TUNSTALL ROAD,T,12,12,
TURNER CLOSE,T,29,29,
"TURRETS, THE",T,6,6,
TYLDEN GARDENS,T,61,61,
TYLDEN HOUSE,T,27,27,
UFTON LANE,U,13,13,
UNITY STREET,U,12,12,
UPPERFIELD ROAD,U,69,69,
VALENCIENNES ROAD,V,12,12,
VAUGHAN DRIVE,V,29,29,
VECTIS DRIVE,V,29,29,
VELLUM DRIVE,V,32,32,
VENUS CLOSE,V,70,70,
VICARAGE ROAD,V,27,27,
VICTORIA MEWS,V,6,6,
VICTORIA ROAD,V,18,18,
VICTORIA TERRACE,V,18,18,
VINCENT ROAD,V,4,4,
VINERS CLOSE,V,8,8,
VIOLET COURT,V,36,36,
VOLANTE DRIVE,V,26,26,
VULCAN CLOSE,V,70,70,
WADHAM PLACE,W,6,6,
"WALL, THE",W,68,68,
WALMER GARDENS,W,20,20,
WALNUT COURT,W,23,23,
WALNUT TREE DRIVE,W,21,21,
WALSBY DRIVE,W,28,28,
WARREN CLOSE,W,3,3,
WARWICK CRESCENT,W,20,20,
WATERCRESS ROAD,W,40,40,
WATERLOO ROAD,W,18,18,
WATERMARK HOUSE,W,32,32,
WATERMILL MEWS,W,23,23,
WATERVIEW BUSINESS PARK,W,69,69,
WATLING PLACE,W,33,33,
WATLING SQUARE,W,40,40,
WATSONS HILL,W,23,23,
WEALD COURT,W,13,13,
WELLINGTON ROAD,W,21,21,
WELLS HOUSE,W,1,1,
WELLWINCH ROAD,W,18,18,
WENTWORTH DRIVE,W,21,21,
WENTWORTH HOUSE,W,21,21,
WEST GREEN,W,30,30,
WEST LANE,W,6,6,
WEST LANE TRADING ESTATE,W,69,69,
WEST RIDGE,W,13,13,
WEST STREET,W,9,9,
WESTERHAM ROAD,W,16,16,
WESTLANDS AVENUE,W,21,21,
WHEATCROFT CLOSE,W,2,2,
"WHIBLEY MEWS, PARRETT AVE",W,59,59,
WHIMBREL CLOSE,W,29,29,
WHITE HART MEWS,W,23,23,
WHITEHALL COURT,W,10,10,
WHITEHALL ROAD,W,10,10,
WIHTRED ROAD,W,40,40,
WILD ASH CROFT,W,1,1,
WILLIAM STREET,W,9,9,
WILLOW HOUSE,W,4,4,
"WILLOWS, THE",W,30,30,
WILTON TERRACE,W,21,21,
WINDERMERE GROVE,W,16,16,
WINDMILL RD,W,25,25,
WINDSOR DRIVE,W,13,13,
WINGATE COURT,W,16,16,
WISES LANE,W,17,17,
WISES OAST,W,17,17,
WOODBERRY DRIVE,W,4,4,
"WOODCOOMBE MEWS, CHURCH RD",W,1,1,
WOODCOURT CLOSE,W,12,12,
WOODLANDS ROAD,W,33,33,
WOODSIDE GARDENS,W,13,13,
WOODSTOCK ROAD,W,12,12,
WOOLLETT ROAD,W,21,21,
WORCESTER DRIVE,W,25,25,
WOVE ROAD,W,32,32,
WRENS ROAD,W,19,19,
WYKEHAM ROAD,W,1,1,
WYVERN CLOSE,W,27,27,
YARNTON LODGE,Y,40,40,
YEATES DRIVE,Y,28,28,
YPRES DRIVE,Y,30,30,